Unique,keywords
Lacto Calamine Skin Balance Oil control 120 ml. (Pack of 2),Skin care
Mary Kay Satin Hands Hand Cream Travel MINI Size Set of 6,Makeup
Jenna Jameson Heartbreaker Perfume for women 3.4 oz Eau De Parfum Spray,Hair care
Laura Mercier Loose Setting Powder,Perfume
Wilkinson Sword Double Edge Razor Blade Refills for Men - 5 Count,Bath & Body
eb5 Face Formula for Men (4 Ounces),Personal Care
Med Lip/sun Spf23 Single,Nail Care
"Badedas Classic Vital Bad Bubble Bath, 25.5 Fluid Ounce",Oral Care
Nivea Razor Creme (tube) 3.4oz shave cream by Nivea,Shaving & Hair Removal
SOAP SAVER mesh bag Net bar POUCH Shower Scrubby SPONGE,Tools & Accessories
"ZUM Zum Bar Anise Lavender, 3 Ounce",Men's Grooming
"Island Soap &amp; Candle Works Monkeypod Coconut Bowl Candle, Pikake Jasmine",Sun Care & Tanning
Gena Pedi-Scrub Gel 32 oz,Health Care
"WEN Fig Bath, Body &amp; Hair Oil 4oz",Wellness & Relaxation
John Masters Organics - Shampoo for Dry Hair with Evening Primrose - 8 oz,Supplements & Vitamins
"Kama Sutra Honey Dust Powder, Raspberry Kiss, 6 Ounce",Beauty Gift Sets
Chi's Enterprise 120 Piece Myomin Promotes Healthy Hormone Levels 500mg Capsules,Luxury Beauty
Back Bridge,Natural & Organic Beauty
"Oster Cord/plug Assembly For Finisher Trimmers (Finisher, T-finisher, &amp; Finish Line)",Cruelty-Free Beauty
Sportslick Economy Tube,Anti-Aging Products
LIP INK Organic Vegan 100% Smearproof Lash Color (Smoke),Acne & Blemish Treatments
Thymes Goldleaf Perfumed Body Wash 270ml/9.25oz,Facial Masks & Peels
Jeanie Rub Nylon Shoulder Bag,Eye Care
Physician Supplies Labeled Liquid Push Down Alcohol Dispenser,Lip Care
"HART Health Exaprin Extra Strength Pain Reliever NSAID, 2 Tablets per Packet, 250 Tablets per Box",Makeup Removers
Yankauer Suction Instrument With Tubing &amp; Vent,Cleansers & Exfoliators
Philips Norelco G290 6-in-1 Grooming Kit,Moisturizers
Earth Therapeutics Skin Therapy Cucumber Eye Pads,Toners & Astringents
"Tigi Bed Head Perfect Lipliner, Decaf, 0.04 Ounce",Serums & Oils
Philips Norelco 8160XLCC SpeedXL Jet Clean Men's Shaving Set,Face Mists & Essences
"Crest Whitestrips Pro Effects,10-Day Dental Whitening Formula System, 40 Strips (Packaging May Vary)",BB & CC Creams
Philips Norelco 7800XLCC Jet Clean System Men's Shaver,Foundation
Philips Norelco 8140XL SpeedXL Men's Shaver,Concealers & Correctors
Philips Norelco 9170XLCC Smart Touch XL Shaver,Powders & Setting Sprays
Norelco Clean Jet Solution 10oz Cool Breeze,Blushes & Bronzers
Bar Soap 100% Virgin Olive Oil Face &amp; Body Olivella 5.29 oz Bar Soap,Highlighters & Illuminators
"Bikini Zone Medicated Cr&egrave;me for Bikini Area, 1 oz.",Eyebrow Products
Africas Best Ultimate Herbal Oil 8 Ounce (235ml),Eyeliners
Gillette M3 Power Nitro Razor,Eyeshadows
"Aquafresh White Trays, 14 Trays",Mascara
"Provence Sante PS Big Bar Linden, 12oz Bar",False Eyelashes & Adhesives
"Provence Sante PS Big Bar Vervain, 12oz Bar",Lipsticks & Lip Balms
Philips Norelco 6844XL Reflex Plus Electric Rechargeable Shaver,Lip Liners & Primers
Philips Norelco 9160XL SmartTouch-XL Men's Shaver,Lip Glosses & Plumpers
"Helen of Troy 1579 Tangle Free Hot Air Brush, White, 3/4 Inch Barrel",Lip Stains & Tints
Victoria Vogue Round Puff Loose Powder,Lip Treatments
"Clubman Youth Air Creme, 16 fl. oz.",Hair Shampoos
Fekkai Advanced Full Blown Volume Styling Whip-5.1 oz.,Hair Conditioners
Body B,Hair Masks & Treatments
Philips Norelco 7745X Cool Skin Lotion Dispensing Cordless Rechargeable Shaver,Hair Oils & Serums
Eye Patch Black Adult with Tie Band (6 Per Pack),Hair Styling Products
Velform Chin Wrap System to reduce double chin,Hair Color & Dye
Velform Arm Wrap Kit,Hair Extensions & Wigs
"Norelco 7886XL Quadra Action Dry Razor Shaver Corded Cordless, 7886 XL Brand new",Hair Brushes & Combs
Concord Stainless Steel Chinese Kitchen Cleaver Chef's Knife,Hair Dryers & Accessories
GiGi Mini Pro Hair Removal Waxing Kit,Curling Irons & Hair Straighteners
"NOW Red Clay Powder Moroccan, 6-Ounce",Hair Clippers & Trimmers
Afirm 2x .30% Retinol 1.05oz,Hair Removal Products
Celine Oriental Summer By Celine For Women. Eau De Toilette Spray 3.3 Ounces,Razors & Razor Blades
Bijan Eau de Toilette Spray for Women 2.50 oz,Shaving Creams & Gels
TEN By Intense for Men Male Pheromone Cologne 2 Oz,Aftershaves & Balms
Skin Doctors Ingrow Go Ingrown Hair Removal Lotion (120ml),Beard & Mustache Care
Zum Rub Lavender -- 2.5 oz,Body Lotions & Moisturizers
Valobra Sapone Per Barba Hard Shave Stick 2 Oz. From Italy,Body Oils & Serums
"Rainbow Light - MintAsure Fresh Breath Capsules, Powerful Support for Healthy Teeth and Gums and Lasting Minty Breath with Parsley Oil and Xylitol, Vegetarian Sugar-Free, Lactose-Free, 75 Capsules",Body Scrubs & Exfoliants
Rainbow Luxury Bath &amp; Spa Foam Waterproof Pillow - White,Body Washes & Shower Gels
Philips Norelco BG2020 BodyGroom,Deodorants & Antiperspirants
Mehron Makeup Lipstick Sealer (.5 oz),Hand Creams & Lotions
"QUEEN HELENE Professional Cleansing Cream, Triple Whipped, 15 oz",Foot Care Products
"Ocean Potion Tanning Xcelerator Spray Gel, Instant Bronzer, Indoor Salon, Outdoor, 8.5 Ounces, Pack of 1",Sunscreens & Sunblocks
"Queen Helene Cocoa Butter, Solid, 5.75 Ounce [Packaging May Vary]",Self-Tanners & Bronzers
"Murrays Pomade, 3 oz",Sleep & Relaxation Aids
Kerastase Nutritive Bain Satin Nutrition 1 Shampoo 8.5 oz,Face Rollers & Massagers
"OHSO Marko Pocket Toothbrush, Chrome",Skincare Fridges
Manic Panic Amplified Purple Haze  4 oz,Skin Cleansing Brushes & Devices
EO Essential Oil Products Liquid Hand Soap Rosemary and Mint -- 12 fl oz,Makeup Brushes & Sets
Sekkisei White Powder Wash 3.5 Oz (100 G),Makeup Sponges & Applicators
Philips Norelco G380 All-in-1 Grooming System,Makeup Organizers & Storage
Philips Norelco G370 All-in-1 Grooming System,Mirrors & Vanity Tools
Philips Norelco 7240XL Cord/Cordless Rechargeable Shaver,Nail Polishes
Philips Norelco T780 Rechargeable Vacuum Trimmer,Nail Polish Removers
Philips Norelco 7140 Cord/Cordless Rechargeable Shaver,Nail Care Kits & Accessories
Philips Norelco T980 Turbo Vacuum Trimmer,Oral Care Kits & Accessories
Philips Norelco 7180XL Cord/Cordless Rechargeable Shaver,Electric Toothbrushes
Philips Norelco 7110 Cordless Rechargeable Shaver,Water Flossers & Dental Floss
"Band-Aid Activ-Flex Premium Adhesive Bandages, Large, 6-Count Boxes (Pack of 6)",Teeth Whitening Products
Women's Halston by Halston Bath Powder - 5.3 oz,Body & Hand Butters
Caravan Open Tortoise Pin Thru Barrette 4-1/4&quot; 1 of Many Multiple Shapes,Body & Hand
"Panasonic ES3833S Pro-Curve Wet/Dry Travel Shaver with Case, Silver",Tattoo Pens & Markers
"Bell-Horn &quot;It Stays!&quot; Roll-On Body Adhesive, 2 fl oz",Temporary Tattoos
Devon Medical Carrying Case for Fingertip Pulse Oximeters (With Neck Cord and Belt Loop),Henna Kits & Stencils